-- Seed Families
INSERT INTO families (id, name, slug, description, template_pattern) VALUES
  ('550e8400-e29b-41d4-a716-446655440001', 'Sour', 'sour', 'Citrus + spirit + sweetener. Shake hard, strain.', '{"base_spirit": "2 oz", "citrus": "¾-1 oz", "sweetener": "¾ oz", "method": "shake"}'::jsonb),
  ('550e8400-e29b-41d4-a716-446655440002', 'Spirit-Forward', 'spirit-forward', 'Stirred, boozy, silky. 20-30 second stir.', '{"base_spirit": "2 oz", "modifier": "1 oz", "method": "stir"}'::jsonb),
  ('550e8400-e29b-41d4-a716-446655440003', 'Highball', 'highball', 'Build in glass, top with mixer.', '{"base_spirit": "1½-2 oz", "mixer": "top", "method": "build"}'::jsonb),
  ('550e8400-e29b-41d4-a716-446655440004', 'Collins/Fizz', 'collins-fizz', 'Sour + soda in tall glass.', '{"base_spirit": "2 oz", "citrus": "¾ oz", "sweetener": "¾ oz", "soda": "top", "method": "shake-then-build"}'::jsonb);

-- Seed Recipes - Sour Family
INSERT INTO recipes (id, name, family_id, slug, description, spec, method, glassware, garnish, steps, make_it_faster_tips, common_mistakes, difficulty, tags) VALUES
  ('660e8400-e29b-41d4-a716-446655440001', 'Margarita', '550e8400-e29b-41d4-a716-446655440001', 'margarita', 'Classic tequila sour with triple sec', '{"tequila": "2 oz", "lime": "1 oz", "triple_sec": "¾ oz", "agave": "¼ oz"}'::jsonb, 'shake', 'rocks', 'Lime wheel, salt rim', ARRAY['Rim glass with salt (optional)', 'Combine all ingredients in shaker', 'Add ice and shake hard for 10-15 seconds', 'Strain over fresh ice in rocks glass', 'Garnish with lime wheel'], ARRAY['Prep salt rim while shaking', 'Use fresh lime juice'], ARRAY['Over-shaking (creates too much dilution)', 'Forgetting salt rim if requested'], 2, ARRAY['classic', 'tequila']),
  ('660e8400-e29b-41d4-a716-446655440002', 'Daiquiri', '550e8400-e29b-41d4-a716-446655440001', 'daiquiri', 'Simple rum sour', '{"rum": "2 oz", "lime": "1 oz", "simple": "¾ oz"}'::jsonb, 'shake', 'coupe', 'Lime wheel', ARRAY['Combine all ingredients in shaker', 'Add ice and shake hard', 'Fine strain into coupe glass', 'Garnish with lime wheel'], ARRAY['Use fine strainer for clarity'], ARRAY['Not fine-straining (floating ice bits)', 'Too much simple (overly sweet)'], 2, ARRAY['classic', 'rum']),
  ('660e8400-e29b-41d4-a716-446655440003', 'Whiskey Sour', '550e8400-e29b-41d4-a716-446655440001', 'whiskey-sour', 'Bourbon sour, no egg white version', '{"bourbon": "2 oz", "lemon": "¾ oz", "simple": "¾ oz"}'::jsonb, 'shake', 'rocks', 'Cherry + orange slice', ARRAY['Combine all ingredients in shaker', 'Add ice and shake hard', 'Strain into rocks glass over fresh ice', 'Garnish with cherry and orange slice'], ARRAY['Shake hard for proper dilution'], ARRAY['Under-shaking', 'Wrong citrus (lime instead of lemon)'], 2, ARRAY['classic', 'bourbon']),
  ('660e8400-e29b-41d4-a716-446655440004', 'Cosmopolitan', '550e8400-e29b-41d4-a716-446655440001', 'cosmopolitan', 'Vodka-based pink sour', '{"vodka": "1½ oz", "cointreau": "1 oz", "lime": "½-¾ oz", "cranberry": "½-1 oz"}'::jsonb, 'shake', 'coupe', 'Lime wheel or orange peel', ARRAY['Combine all ingredients in shaker', 'Add ice and shake hard', 'Fine strain into coupe glass', 'Garnish with lime wheel'], ARRAY['Use just enough cranberry for color'], ARRAY['Too much cranberry (overpowers drink)', 'Not fine-straining'], 3, ARRAY['classic', 'vodka']),
  ('660e8400-e29b-41d4-a716-446655440005', 'Spicy Margarita', '550e8400-e29b-41d4-a716-446655440001', 'spicy-margarita', 'Margarita with heat', '{"tequila": "2 oz", "lime": "1 oz", "triple_sec": "¾ oz", "jalapeno": "muddled"}'::jsonb, 'shake', 'rocks', 'Lime wheel, salt rim', ARRAY['Muddle jalapeño in shaker', 'Add remaining ingredients', 'Shake hard and strain over fresh ice', 'Garnish with lime wheel'], ARRAY['Control heat level with jalapeño seeds'], ARRAY['Too much heat (scorching)', 'Not muddling enough'], 3, ARRAY['modern', 'tequila', 'spicy']);

-- Seed Recipes - Spirit-Forward Family
INSERT INTO recipes (id, name, family_id, slug, description, spec, method, glassware, garnish, steps, make_it_faster_tips, common_mistakes, difficulty, tags) VALUES
  ('660e8400-e29b-41d4-a716-446655440006', 'Old Fashioned', '550e8400-e29b-41d4-a716-446655440002', 'old-fashioned', 'Classic whiskey cocktail', '{"bourbon": "2 oz", "simple": "¼-½ oz", "bitters": "2-3 dashes Angostura"}'::jsonb, 'stir', 'rocks', 'Orange peel', ARRAY['Add simple syrup and bitters to mixing glass', 'Add bourbon and ice', 'Stir for 20-30 seconds', 'Strain into rocks glass over large ice cube', 'Express orange peel and garnish'], ARRAY['Use large ice cube for slower dilution', 'Stir until properly chilled'], ARRAY['Over-stirring (too diluted)', 'Wrong glass (coupe instead of rocks)'], 2, ARRAY['classic', 'bourbon', 'rye']),
  ('660e8400-e29b-41d4-a716-446655440007', 'Negroni', '550e8400-e29b-41d4-a716-446655440002', 'negroni', 'Equal parts gin, vermouth, Campari', '{"gin": "1 oz", "sweet_vermouth": "1 oz", "campari": "1 oz"}'::jsonb, 'stir', 'rocks', 'Orange peel', ARRAY['Combine all ingredients in mixing glass', 'Add ice and stir for 20-30 seconds', 'Strain into rocks glass over large ice cube', 'Express orange peel and garnish'], ARRAY['Equal parts = easy to remember'], ARRAY['Shaking instead of stirring', 'Serving up instead of rocks'], 2, ARRAY['classic', 'gin']),
  ('660e8400-e29b-41d4-a716-446655440008', 'Manhattan', '550e8400-e29b-41d4-a716-446655440002', 'manhattan', 'Rye or bourbon with sweet vermouth', '{"rye": "2 oz", "sweet_vermouth": "1 oz", "bitters": "2 dashes Angostura"}'::jsonb, 'stir', 'coupe', 'Cherry', ARRAY['Combine all ingredients in mixing glass', 'Add ice and stir for 20-30 seconds', 'Strain into coupe glass', 'Garnish with cherry'], ARRAY['Stir until silky and cold'], ARRAY['Not stirring long enough', 'Wrong vermouth (dry instead of sweet)'], 2, ARRAY['classic', 'rye', 'bourbon']),
  ('660e8400-e29b-41d4-a716-446655440009', 'Martini', '550e8400-e29b-41d4-a716-446655440002', 'martini', 'Gin or vodka with dry vermouth', '{"gin": "2½ oz", "dry_vermouth": "½ oz"}'::jsonb, 'stir', 'coupe', 'Lemon twist or olives', ARRAY['Combine gin and vermouth in mixing glass', 'Add ice and stir for 20+ seconds', 'Strain into coupe glass', 'Express lemon twist or add olives'], ARRAY['Stir for silky texture', 'Adjust vermouth to preference (dry = less vermouth)'], ARRAY['Shaking (bruises the gin)', 'Too much vermouth if requested "dry"'], 2, ARRAY['classic', 'gin', 'vodka']),
  ('660e8400-e29b-41d4-a716-446655440010', 'Dirty Martini', '550e8400-e29b-41d4-a716-446655440002', 'dirty-martini', 'Martini with olive brine', '{"gin": "2½ oz", "dry_vermouth": "½ oz", "olive_brine": "½ oz"}'::jsonb, 'stir', 'coupe', 'Olives', ARRAY['Combine gin, vermouth, and olive brine in mixing glass', 'Add ice and stir for 20+ seconds', 'Strain into coupe glass', 'Garnish with olives'], ARRAY['Start with less brine and adjust'], ARRAY['Too much brine (overly salty)'], 3, ARRAY['classic', 'gin', 'vodka']);

-- Seed Recipes - Highball Family
INSERT INTO recipes (id, name, family_id, slug, description, spec, method, glassware, garnish, steps, make_it_faster_tips, common_mistakes, difficulty, tags) VALUES
  ('660e8400-e29b-41d4-a716-446655440011', 'Gin & Tonic', '550e8400-e29b-41d4-a716-446655440003', 'gin-tonic', 'Classic highball', '{"gin": "1½-2 oz", "tonic": "top"}'::jsonb, 'build', 'collins', 'Lime wedge', ARRAY['Fill Collins glass with ice', 'Add gin', 'Top with tonic water', 'Garnish with lime wedge'], ARRAY['Build directly in serving glass', 'Fresh tonic from gun or bottle'], ARRAY['Stirring too aggressively (flattens tonic)', 'Not enough ice'], 1, ARRAY['classic', 'gin']),
  ('660e8400-e29b-41d4-a716-446655440012', 'Vodka Soda', '550e8400-e29b-41d4-a716-446655440003', 'vodka-soda', 'Simple and clean', '{"vodka": "1½-2 oz", "soda": "top"}'::jsonb, 'build', 'collins', 'Lime wedge', ARRAY['Fill Collins glass with ice', 'Add vodka', 'Top with soda water', 'Garnish with lime wedge'], ARRAY['Quickest drink to make'], ARRAY['Using tonic instead of soda'], 1, ARRAY['classic', 'vodka']),
  ('660e8400-e29b-41d4-a716-446655440013', 'Rum & Coke', '550e8400-e29b-41d4-a716-446655440003', 'rum-coke', 'Cuban classic', '{"rum": "1½-2 oz", "cola": "top"}'::jsonb, 'build', 'collins', 'Lime (optional)', ARRAY['Fill Collins glass with ice', 'Add rum', 'Top with cola', 'Garnish with lime if desired'], ARRAY['Build directly in glass'], ARRAY['Using wrong rum (dark vs light)', 'Stirring too much (flattens cola)'], 1, ARRAY['classic', 'rum']),
  ('660e8400-e29b-41d4-a716-446655440014', 'Moscow Mule', '550e8400-e29b-41d4-a716-446655440003', 'moscow-mule', 'Vodka, lime, ginger beer', '{"vodka": "2 oz", "lime": "½ oz", "ginger_beer": "top"}'::jsonb, 'build', 'rocks', 'Lime wheel', ARRAY['Fill copper mug or rocks glass with ice', 'Add vodka and lime juice', 'Top with ginger beer', 'Garnish with lime wheel'], ARRAY['Use quality ginger beer'], ARRAY['Using ginger ale instead of ginger beer'], 2, ARRAY['classic', 'vodka']),
  ('660e8400-e29b-41d4-a716-446655440015', 'Paloma', '550e8400-e29b-41d4-a716-446655440003', 'paloma', 'Tequila and grapefruit', '{"tequila": "2 oz", "lime": "½ oz", "grapefruit_soda": "top"}'::jsonb, 'build', 'rocks', 'Salt rim (optional), lime', ARRAY['Rim glass with salt (optional)', 'Fill rocks glass with ice', 'Add tequila and lime juice', 'Top with grapefruit soda', 'Garnish with lime'], ARRAY['Use Jarritos or Squirt'], ARRAY['Using pink grapefruit juice instead of soda'], 2, ARRAY['classic', 'tequila']);

-- Seed Recipes - Collins/Fizz Family
INSERT INTO recipes (id, name, family_id, slug, description, spec, method, glassware, garnish, steps, make_it_faster_tips, common_mistakes, difficulty, tags) VALUES
  ('660e8400-e29b-41d4-a716-446655440016', 'Tom Collins', '550e8400-e29b-41d4-a716-446655440004', 'tom-collins', 'Gin sour with soda', '{"gin": "2 oz", "lemon": "¾ oz", "simple": "¾ oz", "soda": "top"}'::jsonb, 'shake', 'collins', 'Lemon wheel + cherry', ARRAY['Combine gin, lemon, and simple in shaker', 'Add ice and shake hard', 'Strain into Collins glass with fresh ice', 'Top with soda water', 'Garnish with lemon wheel and cherry'], ARRAY['Shake first, then build', 'Fresh ice for serving'], ARRAY['Not shaking (just building)', 'Forgetting to top with soda'], 2, ARRAY['classic', 'gin']),
  ('660e8400-e29b-41d4-a716-446655440017', 'Vodka Collins', '550e8400-e29b-41d4-a716-446655440004', 'vodka-collins', 'Tom Collins with vodka', '{"vodka": "2 oz", "lemon": "¾ oz", "simple": "¾ oz", "soda": "top"}'::jsonb, 'shake', 'collins', 'Lemon wheel + cherry', ARRAY['Combine vodka, lemon, and simple in shaker', 'Add ice and shake hard', 'Strain into Collins glass with fresh ice', 'Top with soda water', 'Garnish with lemon wheel and cherry'], ARRAY['Same build as Tom Collins, different spirit'], ARRAY['Confusing with Vodka Soda'], 2, ARRAY['classic', 'vodka']);

-- Seed Standard Specs
INSERT INTO standard_specs (id, name, spec, method, variations, notes) VALUES
  ('770e8400-e29b-41d4-a716-446655440001', 'Sour Template', '{"base_spirit": "2 oz", "citrus": "¾ oz", "sweetener": "¾ oz"}'::jsonb, 'shake', ARRAY['{"name": "Daiquiri", "spirit": "rum", "citrus": "lime"}', '{"name": "Whiskey Sour", "spirit": "bourbon", "citrus": "lemon"}']::jsonb[], 'The foundation: spirit + citrus + sweetener. Shake hard, strain.'),
  ('770e8400-e29b-41d4-a716-446655440002', 'Spirit-Forward Template', '{"base_spirit": "2 oz", "modifier": "1 oz"}'::jsonb, 'stir', ARRAY['{"name": "Old Fashioned", "spirit": "bourbon", "modifier": "simple + bitters"}', '{"name": "Manhattan", "spirit": "rye", "modifier": "sweet vermouth"}']::jsonb[], 'Boozy, stirred, silky. 20-30 second stir.'),
  ('770e8400-e29b-41d4-a716-446655440003', 'Highball Template', '{"base_spirit": "1½-2 oz", "mixer": "top"}'::jsonb, 'build', ARRAY['{"name": "Gin & Tonic", "spirit": "gin", "mixer": "tonic"}', '{"name": "Vodka Soda", "spirit": "vodka", "mixer": "soda"}']::jsonb[], 'Build in glass over ice. Top with mixer. Fast and simple.');

-- Seed Glossary Terms
INSERT INTO glossary_terms (id, term, definition, category) VALUES
  ('880e8400-e29b-41d4-a716-446655440001', 'neat', 'Spirit only, no ice, no mixer. Served at room temperature.', 'method'),
  ('880e8400-e29b-41d4-a716-446655440002', 'rocks', 'Over ice in a rocks glass. Same as "on the rocks."', 'glassware'),
  ('880e8400-e29b-41d4-a716-446655440003', 'up', 'Chilled and strained into a glass with no ice. Served cold but undiluted.', 'method'),
  ('880e8400-e29b-41d4-a716-446655440004', 'dry', 'Less vermouth. For martinis, this means less dry vermouth. Sometimes means "just rinse the glass with vermouth."', 'modifier'),
  ('880e8400-e29b-41d4-a716-446655440005', 'dirty', 'Olive brine added. Usually for martinis.', 'modifier'),
  ('880e8400-e29b-41d4-a716-446655440006', 'twist', 'Citrus peel (lemon or orange) expressed over the drink and used as garnish.', 'garnish'),
  ('880e8400-e29b-41d4-a716-446655440007', 'double', 'Double the spirit amount. Usually served in a larger glass or with more ice.', 'method'),
  ('880e8400-e29b-41d4-a716-446655440008', 'vermouth', 'Fortified wine. Dry vermouth (white, less sweet) or sweet vermouth (red, sweeter).', 'modifier'),
  ('880e8400-e29b-41d4-a716-446655440009', 'triple sec', 'Orange liqueur. Cointreau is a premium version. Used in margaritas and cosmopolitans.', 'modifier'),
  ('880e8400-e29b-41d4-a716-446655440010', 'bitters', 'Highly concentrated flavor extracts. Angostura is most common. A few dashes add complexity.', 'modifier'),
  ('880e8400-e29b-41d4-a716-446655440011', 'simple syrup', 'Equal parts sugar and water, dissolved. 1:1 ratio. Sweetener for cocktails.', 'modifier'),
  ('880e8400-e29b-41d4-a716-446655440012', 'muddle', 'Crush ingredients in the bottom of a glass or shaker to release flavors.', 'method'),
  ('880e8400-e29b-41d4-a716-446655440013', 'coupe', 'Wide, shallow glass with stem. Used for cocktails served "up."', 'glassware'),
  ('880e8400-e29b-41d4-a716-446655440014', 'collins', 'Tall, narrow glass. For highballs and long drinks with mixer.', 'glassware'),
  ('880e8400-e29b-41d4-a716-446655440015', 'martini glass', 'V-shaped glass with stem. Used for martinis and other stirred drinks served up.', 'glassware'),
  ('880e8400-e29b-41d4-a716-446655440016', 'rocks glass', 'Short, wide glass. Old Fashioned glass. For drinks served over ice.', 'glassware'),
  ('880e8400-e29b-41d4-a716-446655440017', 'Campari', 'Italian bitter liqueur. Key ingredient in Negronis. Red color, bitter taste.', 'modifier'),
  ('880e8400-e29b-41d4-a716-446655440018', 'amaro', 'Italian herbal liqueur. Bitter-sweet. Many varieties (Averna, Fernet, etc.).', 'modifier'),
  ('880e8400-e29b-41d4-a716-446655440019', 'agave', 'Agave nectar/syrup. Sweetener made from agave plant. Common in tequila cocktails.', 'modifier'),
  ('880e8400-e29b-41d4-a716-446655440020', 'grenadine', 'Pomegranate syrup. Adds sweetness and red color. Used in many classic drinks.', 'modifier');

-- Seed Learning Plan Days
INSERT INTO learning_plan_days (id, day_number, title, description, tasks) VALUES
  ('990e8400-e29b-41d4-a716-446655440001', 1, 'Core Templates + Flashcards', 'Get the patterns in your head', ARRAY['{"type": "study", "content": "Write or type a one-page cheat sheet: Sour template + 4 examples (Margarita, Daiquiri, Whiskey Sour, Cosmo)"}', '{"type": "study", "content": "Stirred template + 3 examples (Old Fashioned, Manhattan, Negroni)"}', '{"type": "study", "content": "Highball patterns + 4 examples (G&T, Vodka Soda, Rum & Coke, Mule)"}', '{"type": "practice", "content": "Make flashcards (physical or digital) for 20-25 drinks"}', '{"type": "practice", "content": "Run 10-15 minutes of rapid drills: flip card, say spec out loud"}]'::jsonb),
  ('990e8400-e29b-41d4-a716-446655440002', 2, 'Tighten Templates', 'Solidify the core patterns', ARRAY['{"type": "study", "content": "Review all template patterns and variations"}', '{"type": "practice", "content": "Quiz yourself: what changes vs stays constant in each family?"}', '{"type": "practice", "content": "Run flashcard drills again, focus on speed"}', '{"type": "quiz", "content": "Take a practice quiz on template patterns"}]'::jsonb),
  ('990e8400-e29b-41d4-a716-446655440003', 3, 'Physical Reps at Home', 'Rebuild muscle memory', ARRAY['{"type": "practice", "content": "Use shaker, mixing glass, jigger (or measuring cup)"}', '{"type": "practice", "content": "Practice building 3-4 sours in a row (use water + food coloring)"}', '{"type": "practice", "content": "Practice stirring boozy drinks in mixing glass with ice"}', '{"type": "practice", "content": "Practice straining: Hawthorne vs fine strainer"}', '{"type": "practice", "content": "Practice workflow: imagine ticket \"Margarita, Old Fashioned, Vodka Soda\" - decide order"}']'::jsonb),
  ('990e8400-e29b-41d4-a716-446655440004', 4, 'Workflow Practice', 'Build rhythm back', ARRAY['{"type": "practice", "content": "Practice batch building: all rocks drinks first, then shaken, then highballs"}', '{"type": "practice", "content": "Practice physical moves as if behind bar"}', '{"type": "practice", "content": "Time yourself: build 5 different drinks in sequence"}', '{"type": "quiz", "content": "Quiz on build order and workflow"}]'::jsonb),
  ('990e8400-e29b-41d4-a716-446655440005', 5, 'Menu Simulation + Scripts', 'Talk like a bartender again', ARRAY['{"type": "study", "content": "Write a fake but plausible menu: 3 house cocktails, 2 spirit-forward, 2 N/A"}', '{"type": "practice", "content": "For each house drink, map back to core templates"}', '{"type": "practice", "content": "Practice guest interaction scripts: explaining Negroni vs Old Fashioned"}', '{"type": "practice", "content": "Practice recommending drinks: \"not too sweet\" or \"more spirit-forward\""}', '{"type": "practice", "content": "Handle \"Surprise me: I like tequila and citrus but not too sweet\""}]'::jsonb),
  ('990e8400-e29b-41d4-a716-446655440006', 6, 'Advanced Scripts + Variations', 'Handle edge cases', ARRAY['{"type": "practice", "content": "Practice handling complaints: drink too strong, too sweet, wrong temp"}', '{"type": "practice", "content": "Practice describing drinks on menu"}', '{"type": "practice", "content": "Practice upselling or suggesting variations"}', '{"type": "quiz", "content": "Quiz on guest interaction scenarios"}]'::jsonb),
  ('990e8400-e29b-41d4-a716-446655440007', 7, 'Tighten Memory + Speed', 'Be plug-and-play ready', ARRAY['{"type": "practice", "content": "Daily 20-drink sprint: randomly choose 20 classics, recite specs/build/glass/garnish"}', '{"type": "practice", "content": "Practice order of operations: build \"up\" drinks before rocks"}', '{"type": "practice", "content": "Group by build: all shaken, then stirred, then highballs"}', '{"type": "quiz", "content": "Mixed quiz: recipe + family + glossary questions"}]'::jsonb),
  ('990e8400-e29b-41d4-a716-446655440008', 8, 'Speed Drills', 'Build confidence and speed', ARRAY['{"type": "practice", "content": "Practice free-pouring (if allowed) with jigger as backup"}', '{"type": "practice", "content": "Have friend/partner \"ring in\" fake orders rapid-fire"}', '{"type": "practice", "content": "Practice while talking to imaginary guests"}', '{"type": "quiz", "content": "Timed quiz: 10 recipes in under 2 minutes"}]'::jsonb),
  ('990e8400-e29b-41d4-a716-446655440009', 9, 'Final Review', 'Polish and refine', ARRAY['{"type": "study", "content": "Review cheat sheet list - memorize cold"}', '{"type": "practice", "content": "Practice all core drinks one more time"}', '{"type": "quiz", "content": "Full practice quiz on all families"}', '{"type": "study", "content": "Review bar language and workflow refresher"}]'::jsonb),
  ('990e8400-e29b-41d4-a716-446655440010', 10, 'Day One Prep', 'Ready for shift', ARRAY['{"type": "study", "content": "Review day-one checklist"}', '{"type": "study", "content": "Review opening duties and station setup"}', '{"type": "practice", "content": "Mental walkthrough of first shift"}', '{"type": "quiz", "content": "Final comprehensive quiz"}]'::jsonb);

-- Seed Checklists
INSERT INTO checklists (id, name, type, items) VALUES
  ('aa0e8400-e29b-41d4-a716-446655440001', 'Day One On The Job', 'day-one', ARRAY['{"id": "1", "task": "Ask for the house spec sheet", "completed": false}', '{"id": "2", "task": "Confirm house versions of: Margarita, Old Fashioned, Martini, Negroni, Mojito, Mule", "completed": false}', '{"id": "3", "task": "Watch the fastest bartender on shift - note station setup", "completed": false}', '{"id": "4", "task": "Watch how they batch motions (grab all citrus at once, etc.)", "completed": false}', '{"id": "5", "task": "Note how they communicate with guests while building drinks", "completed": false}', '{"id": "6", "task": "Verify your station setup matches house standards", "completed": false}]'::jsonb),
  ('aa0e8400-e29b-41d4-a716-446655440002', 'Opening Checklist', 'opening', ARRAY['{"id": "1", "task": "Clear, organized bartop", "completed": false}', '{"id": "2", "task": "All glassware clean and within reach", "completed": false}', '{"id": "3", "task": "Shaker, bar spoon, jigger, strainers, muddler visible and ready", "completed": false}', '{"id": "4", "task": "Ice bin full of fresh ice", "completed": false}', '{"id": "5", "task": "Garnish trays prepped: citrus wheels/wedges, olives, cherry", "completed": false}', '{"id": "6", "task": "Speed rail: most-used spirits at arm''s reach", "completed": false}', '{"id": "7", "task": "Vermouth, Cointreau, Campari, bitters lined up", "completed": false}', '{"id": "8", "task": "All bottles clean and facing forward (labels out)", "completed": false}', '{"id": "9", "task": "Bottle pourers installed on all liquor", "completed": false}', '{"id": "10", "task": "Simple syrup, agave, grenadine prepped and in dispensers", "completed": false}', '{"id": "11", "task": "Soda gun tested (know each button)", "completed": false}', '{"id": "12", "task": "Fresh lemon and lime juice squeezed", "completed": false}', '{"id": "13", "task": "POS terminal powered on and responsive", "completed": false}', '{"id": "14", "task": "Drawer unlocked with starting cash", "completed": false}', '{"id": "15", "task": "Bar tools wiped down", "completed": false}', '{"id": "16", "task": "Napkins, coasters, water glasses at bar", "completed": false}', '{"id": "17", "task": "Music volume appropriate", "completed": false}', '{"id": "18", "task": "Lighting set to service mode", "completed": false}', '{"id": "19", "task": "No broken glassware, no spills or wet spots", "completed": false}]'::jsonb),
  ('aa0e8400-e29b-41d4-a716-446655440003', 'Closing Checklist', 'closing', ARRAY['{"id": "1", "task": "Stop accepting new orders at last call", "completed": false}', '{"id": "2", "task": "Finish current orders", "completed": false}', '{"id": "3", "task": "Wipe down bar top", "completed": false}', '{"id": "4", "task": "Empty garnish trays, store prepped citrus in walk-in", "completed": false}', '{"id": "5", "task": "Remove pouring spouts from liquor bottles, place caps back on", "completed": false}', '{"id": "6", "task": "Place liquor bottles back in secure storage", "completed": false}', '{"id": "7", "task": "Drain ice bins; dispose of ice; sanitize bins", "completed": false}', '{"id": "8", "task": "All glasses go through dishwasher or hand-wash", "completed": false}', '{"id": "9", "task": "All metal bar tools (shaker, spoon, strainers) washed and dried", "completed": false}', '{"id": "10", "task": "Bar mats washed; hang to dry", "completed": false}', '{"id": "11", "task": "Rinse buckets emptied and sanitized", "completed": false}', '{"id": "12", "task": "Soda gun lines flushed (run water through each button)", "completed": false}', '{"id": "13", "task": "Beer taps cleaned with water", "completed": false}', '{"id": "14", "task": "Record any kegs that need changing for next shift", "completed": false}', '{"id": "15", "task": "Fresh ice made and ready for opening shift", "completed": false}', '{"id": "16", "task": "Garnishes prepped (if house does this at close)", "completed": false}', '{"id": "17", "task": "Liquor inventory checked; alert manager if anything is low", "completed": false}', '{"id": "18", "task": "Count cash in drawer (should match tickets)", "completed": false}', '{"id": "19", "task": "Separate tips from till", "completed": false}', '{"id": "20", "task": "Manager verifies and records deposit", "completed": false}', '{"id": "21", "task": "Check under bar stools for spilled change or forgotten items", "completed": false}', '{"id": "22", "task": "Wipe down bar one more time", "completed": false}', '{"id": "23", "task": "All bottles stored correctly", "completed": false}', '{"id": "24", "task": "Floor swept", "completed": false}', '{"id": "25", "task": "Lights off, music off", "completed": false}]'::jsonb),
  ('aa0e8400-e29b-41d4-a716-446655440004', 'Station Setup', 'station', ARRAY['{"id": "1", "task": "Shaker tins (Boston shaker or cobbler)", "completed": false}', '{"id": "2", "task": "Mixing glass and bar spoon", "completed": false}', '{"id": "3", "task": "Jigger (dual-sided: 1 oz / 1.5 oz)", "completed": false}', '{"id": "4", "task": "Hawthorne strainer", "completed": false}', '{"id": "5", "task": "Fine strainer", "completed": false}', '{"id": "6", "task": "Muddler", "completed": false}', '{"id": "7", "task": "Channel knife (for citrus peels)", "completed": false}', '{"id": "8", "task": "Ice scoop", "completed": false}', '{"id": "9", "task": "Rinse bucket with clean water", "completed": false}', '{"id": "10", "task": "Bar mat or towel for spills", "completed": false}]'::jsonb);

-- Seed Cheat Sheet Items
INSERT INTO cheat_sheet_items (id, name, spec_short, glass, garnish, "order") VALUES
  ('bb0e8400-e29b-41d4-a716-446655440001', 'Margarita', '2 oz tequila, 1 oz lime, ¾ oz triple sec, ¼ oz agave', 'rocks', 'Lime wheel, salt rim', 1),
  ('bb0e8400-e29b-41d4-a716-446655440002', 'Daiquiri', '2 oz light rum, 1 oz lime, ¾ oz simple', 'coupe', 'Lime wheel', 2),
  ('bb0e8400-e29b-41d4-a716-446655440003', 'Whiskey Sour', '2 oz bourbon, ¾ oz lemon, ¾ oz simple', 'rocks', 'Cherry + orange slice', 3),
  ('bb0e8400-e29b-41d4-a716-446655440004', 'Cosmopolitan', '1½ oz vodka, 1 oz Cointreau, ½ oz lime, ½ oz cranberry', 'coupe', 'Lime wheel', 4),
  ('bb0e8400-e29b-41d4-a716-446655440005', 'Old Fashioned', '2 oz bourbon/rye, ¼-½ oz simple, 2-3 dashes Angostura', 'rocks', 'Orange peel', 5),
  ('bb0e8400-e29b-41d4-a716-446655440006', 'Negroni', '1 oz gin, 1 oz sweet vermouth, 1 oz Campari', 'rocks', 'Orange peel', 6),
  ('bb0e8400-e29b-41d4-a716-446655440007', 'Manhattan', '2 oz rye/bourbon, 1 oz sweet vermouth, 2 dashes Angostura', 'coupe', 'Cherry', 7),
  ('bb0e8400-e29b-41d4-a716-446655440008', 'Martini (Gin)', '2½ oz gin, ½ oz dry vermouth', 'coupe', 'Lemon twist or olive', 8),
  ('bb0e8400-e29b-41d4-a716-446655440009', 'Martini (Vodka)', '2½ oz vodka, ½ oz dry vermouth', 'coupe', 'Lemon twist or olive', 9),
  ('bb0e8400-e29b-41d4-a716-446655440010', 'Gin & Tonic', '1½-2 oz gin, top tonic water', 'collins', 'Lime wedge', 10),
  ('bb0e8400-e29b-41d4-a716-446655440011', 'Vodka Soda', '1½-2 oz vodka, top soda water', 'collins', 'Lime wedge', 11),
  ('bb0e8400-e29b-41d4-a716-446655440012', 'Rum & Coke', '1½-2 oz rum, top Coke', 'collins', 'Lime (optional)', 12),
  ('bb0e8400-e29b-41d4-a716-446655440013', 'Moscow Mule', '2 oz vodka, ½ oz lime juice, top ginger beer', 'rocks', 'Lime wheel', 13),
  ('bb0e8400-e29b-41d4-a716-446655440014', 'Paloma', '2 oz tequila, ½ oz lime, top grapefruit soda', 'rocks', 'Salt rim (optional), lime', 14),
  ('bb0e8400-e29b-41d4-a716-446655440015', 'Tom Collins', '2 oz gin, ¾ oz lemon, ¾ oz simple, shake, strain, top soda', 'collins', 'Lemon wheel + cherry', 15);

-- Seed Assets (placeholder for each recipe)
INSERT INTO assets (id, recipe_id, type, css_animation) VALUES
  ('cc0e8400-e29b-41d4-a716-446655440001', '660e8400-e29b-41d4-a716-446655440001', 'placeholder', 'shimmer'),
  ('cc0e8400-e29b-41d4-a716-446655440002', '660e8400-e29b-41d4-a716-446655440002', 'placeholder', 'shimmer'),
  ('cc0e8400-e29b-41d4-a716-446655440003', '660e8400-e29b-41d4-a716-446655440003', 'placeholder', 'shimmer'),
  ('cc0e8400-e29b-41d4-a716-446655440004', '660e8400-e29b-41d4-a716-446655440004', 'placeholder', 'gradient'),
  ('cc0e8400-e29b-41d4-a716-446655440005', '660e8400-e29b-41d4-a716-446655440005', 'placeholder', 'pulse'),
  ('cc0e8400-e29b-41d4-a716-446655440006', '660e8400-e29b-41d4-a716-446655440006', 'placeholder', 'shimmer'),
  ('cc0e8400-e29b-41d4-a716-446655440007', '660e8400-e29b-41d4-a716-446655440007', 'placeholder', 'gradient'),
  ('cc0e8400-e29b-41d4-a716-446655440008', '660e8400-e29b-41d4-a716-446655440008', 'placeholder', 'shimmer'),
  ('cc0e8400-e29b-41d4-a716-446655440009', '660e8400-e29b-41d4-a716-446655440009', 'placeholder', 'shimmer'),
  ('cc0e8400-e29b-41d4-a716-446655440010', '660e8400-e29b-41d4-a716-446655440010', 'placeholder', 'pulse'),
  ('cc0e8400-e29b-41d4-a716-446655440011', '660e8400-e29b-41d4-a716-446655440011', 'placeholder', 'shimmer'),
  ('cc0e8400-e29b-41d4-a716-446655440012', '660e8400-e29b-41d4-a716-446655440012', 'placeholder', 'shimmer'),
  ('cc0e8400-e29b-41d4-a716-446655440013', '660e8400-e29b-41d4-a716-446655440013', 'placeholder', 'gradient'),
  ('cc0e8400-e29b-41d4-a716-446655440014', '660e8400-e29b-41d4-a716-446655440014', 'placeholder', 'shimmer'),
  ('cc0e8400-e29b-41d4-a716-446655440015', '660e8400-e29b-41d4-a716-446655440015', 'placeholder', 'shimmer'),
  ('cc0e8400-e29b-41d4-a716-446655440016', '660e8400-e29b-41d4-a716-446655440016', 'placeholder', 'shimmer'),
  ('cc0e8400-e29b-41d4-a716-446655440017', '660e8400-e29b-41d4-a716-446655440017', 'placeholder', 'shimmer');
